VendorID,tpep_pickup_datetime,tpep_dropoff_datetime,passenger_count,trip_distance,pickup_longitude,pickup_latitude,RatecodeID,store_and_fwd_flag,dropoff_longitude,dropoff_latitude,payment_type,fare_amount,extra,mta_tax,tip_amount,tolls_amount,improvement_surcharge,total_amount
2,2016-01-03 00:00:00,2016-01-03 00:00:00,2,1.10,-73.990371704101563,40.734695434570313,1,N,-73.981842041015625,40.732406616210937,2,7.5,0.5,0.5,0,0,0.3,8.8
2,2016-01-03 00:00:00,2016-01-03 00:00:00,5,4.90,-73.980781555175781,40.729911804199219,1,N,-73.944473266601563,40.716678619384766,1,18,0.5,0.5,0,0,0.3,19.3
2,2016-01-03 00:00:00,2016-01-03 00:00:00,1,10.54,-73.984550476074219,40.6795654296875,1,N,-73.950271606445313,40.788925170898438,1,33,0.5,0.5,0,0,0.3,34.3
2,2016-01-03 00:00:00,2016-01-03 00:00:00,1,4.75,-73.99346923828125,40.718990325927734,1,N,-73.962242126464844,40.657333374023437,2,16.5,0,0.5,0,0,0.3,17.3
2,2016-01-03 00:00:00,2016-01-03 00:00:00,3,1.76,-73.960624694824219,40.781330108642578,1,N,-73.977264404296875,40.758514404296875,2,8,0,0.5,0,0,0.3,8.8
2,2016-01-03 00:00:00,2016-01-03 00:18:30,2,5.52,-73.980117797851563,40.743049621582031,1,N,-73.913490295410156,40.763141632080078,2,19,0.5,0.5,0,0,0.3,20.3
2,2016-01-03 00:00:00,2016-01-03 00:26:45,2,7.45,-73.994056701660156,40.719989776611328,1,N,-73.966361999511719,40.789871215820313,2,26,0.5,0.5,0,0,0.3,27.3
1,2016-01-03 00:00:01,2016-01-03 00:11:55,1,1.20,-73.979423522949219,40.744613647460938,1,N,-73.992034912109375,40.753944396972656,2,9,0.5,0.5,0,0,0.3,10.3
1,2016-01-03 00:00:02,2016-01-03 00:11:14,1,6.00,-73.947151184082031,40.791046142578125,1,N,-73.920768737792969,40.865577697753906,2,18,0.5,0.5,0,0,0.3,19.3
2,2016-01-03 00:00:02,2016-01-03 00:11:08,1,3.21,-73.998344421386719,40.723896026611328,1,N,-73.995849609375,40.688400268554688,2,11.5,0.5,0.5,0,0,0.3,12.8
2,2016-01-03 00:00:03,2016-01-03 00:06:19,1,.79,-74.006149291992188,40.744918823242188,1,N,-73.993797302246094,40.741439819335938,2,6,0.5,0.5,0,0,0.3,7.3
2,2016-01-03 00:00:03,2016-01-03 00:15:49,6,2.43,-73.969329833984375,40.763538360595703,1,N,-73.995689392089844,40.744251251220703,1,12,0.5,0.5,3.99,0,0.3,17.29
2,2016-01-03 00:00:03,2016-01-03 00:00:11,4,.01,-73.989021301269531,40.721538543701172,1,N,-73.988960266113281,40.721698760986328,2,2.5,0.5,0.5,0,0,0.3,3.8
1,2016-01-03 00:00:04,2016-01-03 00:14:32,1,3.70,-74.004302978515625,40.742240905761719,1,N,-74.007362365722656,40.706935882568359,1,14,0.5,0.5,3.05,0,0.3,18.35
1,2016-01-03 00:00:05,2016-01-03 00:14:27,2,2.20,-73.991996765136719,40.718578338623047,1,N,-74.005134582519531,40.739944458007813,1,11,0.5,0.5,1.5,0,0.3,13.8
2,2016-01-03 00:00:05,2016-01-03 00:07:17,1,.54,-73.985160827636719,40.768951416015625,1,N,-73.990226745605469,40.761730194091797,2,6,0.5,0.5,0,0,0.3,7.3
2,2016-01-03 00:00:05,2016-01-03 00:07:14,1,1.92,-73.973091125488281,40.795360565185547,1,N,-73.978370666503906,40.773151397705078,2,7.5,0.5,0.5,0,0,0.3,8.8
1,2016-01-03 00:00:06,2016-01-03 00:04:44,1,1.70,-73.982101440429688,40.774696350097656,1,Y,-73.970939636230469,40.796707153320313,1,7,0.5,0.5,1.65,0,0.3,9.95
2,2016-01-03 00:00:06,2016-01-03 00:07:14,1,1.38,-73.994842529296875,40.718498229980469,1,N,-73.98980712890625,40.734230041503906,1,7,0.5,0.5,1.66,0,0.3,9.96
1,2016-01-03 00:00:07,2016-01-03 00:20:35,2,4.90,-73.953033447265625,40.672115325927734,1,N,-73.986572265625,40.710594177246094,1,19,0.5,0.5,4.06,0,0.3,24.36
1,2016-01-03 00:00:07,2016-01-03 00:09:49,1,1.80,-73.989166259765625,40.726589202880859,1,N,-74.009483337402344,40.715072631835938,2,9,0.5,0.5,0,0,0.3,10.3
2,2016-01-03 00:00:08,2016-01-03 00:18:51,1,3.09,-73.999069213867188,40.720172882080078,1,N,-73.973388671875,40.756561279296875,2,14.5,0.5,0.5,0,0,0.3,15.8
2,2016-01-03 00:00:08,2016-01-03 00:04:37,1,.72,-73.997138977050781,40.747219085693359,1,N,-74.004486083984375,40.751796722412109,2,5,0.5,0.5,0,0,0.3,6.3
2,2016-01-03 00:00:08,2016-01-03 00:03:24,1,.69,-73.997413635253906,40.736675262451172,1,N,-73.985664367675781,40.732681274414063,2,4.5,0.5,0.5,0,0,0.3,5.8
1,2016-01-03 00:00:09,2016-01-03 00:19:03,3,5.30,-73.99713134765625,40.736961364746094,1,N,-73.928421020507813,40.755580902099609,1,18,0.5,0.5,3.85,0,0.3,23.15
1,2016-01-03 00:00:09,2016-01-03 00:07:18,2,1.20,-73.963912963867188,40.712173461914062,1,N,-73.951332092285156,40.712200164794922,2,7,0.5,0.5,0,0,0.3,8.3
2,2016-01-03 00:00:10,2016-01-03 00:06:15,2,.97,-73.999397277832031,40.743900299072266,1,N,-73.988876342773438,40.745319366455078,2,6,0.5,0.5,0,0,0.3,7.3
2,2016-01-03 00:00:10,2016-01-03 00:02:20,1,.87,-73.95440673828125,40.778068542480469,1,N,-73.948928833007813,40.788581848144531,2,4.5,0.5,0.5,0,0,0.3,5.8
2,2016-01-03 00:00:12,2016-01-03 00:01:17,1,.13,-73.991653442382813,40.754558563232422,1,N,-73.9906005859375,40.756118774414063,2,3,0.5,0.5,0,0,0.3,4.3
1,2016-01-03 00:00:14,2016-01-03 00:13:02,1,2.40,-73.995597839355469,40.744239807128906,1,N,-73.985458374023438,40.768711090087891,1,11,0.5,0.5,3.05,0,0.3,15.35
2,2016-01-03 00:00:14,2016-01-03 00:02:38,2,.44,-73.990272521972656,40.772010803222656,1,N,-73.995040893554687,40.769771575927734,1,4,0.5,0.5,1.06,0,0.3,6.36
2,2016-01-03 00:00:15,2016-01-03 00:06:31,1,1.56,-73.940109252929687,40.751152038574219,1,N,-73.930023193359375,40.767051696777344,2,7.5,0.5,0.5,0,0,0.3,8.8
1,2016-01-03 00:00:16,2016-01-03 00:33:00,2,2.90,-73.982154846191406,40.774879455566406,1,N,-73.981361389160156,40.744113922119141,2,20.5,0.5,0.5,0,0,0.3,21.8
1,2016-01-03 00:00:17,2016-01-03 00:19:14,1,1.20,-74.008064270019531,40.742069244384766,1,N,-74.002288818359375,40.742164611816406,3,12.5,0.5,0.5,0,0,0.3,13.8
1,2016-01-03 00:00:17,2016-01-03 00:13:59,1,1.50,-74.002677917480469,40.730636596679688,1,N,-73.980422973632813,40.726211547851563,1,10,0.5,0.5,3.35,0,0.3,14.65
2,2016-01-03 00:00:17,2016-01-03 00:42:23,1,2.32,-73.981658935546875,40.773738861083984,1,N,-73.995964050292969,40.753837585449219,2,19,0.5,0.5,0,0,0.3,20.3
2,2016-01-03 00:00:17,2016-01-03 00:14:26,5,9.63,-73.981742858886719,40.719158172607422,1,N,-73.938827514648438,40.829181671142578,1,27,0.5,0.5,8.49,0,0.3,36.79
2,2016-01-03 00:00:18,2016-01-03 00:05:44,5,1.17,-73.963058471679688,40.775016784667969,1,N,-73.951744079589844,40.778800964355469,2,6,0.5,0.5,0,0,0.3,7.3
1,2016-01-03 00:00:19,2016-01-03 00:19:33,1,3.40,0,0,1,N,0,0,2,14.5,0.5,0.5,0,0,0.3,15.8
2,2016-01-03 00:00:19,2016-01-03 00:06:31,3,1.32,-73.961257934570313,40.796199798583984,1,N,-73.950050354003906,40.787311553955078,2,6.5,0.5,0.5,0,0,0.3,7.8
1,2016-01-03 00:00:20,2016-01-03 00:29:05,1,13.00,-73.98223876953125,40.757701873779297,1,N,-73.909309387207031,40.862049102783203,2,36.5,0.5,0.5,0,0,0.3,37.8
1,2016-01-03 00:00:21,2016-01-03 00:17:30,1,.70,-73.894126892089844,40.636573791503906,1,Y,-73.892501831054687,40.634834289550781,2,11,0.5,0.5,0,0,0.3,12.3
1,2016-01-03 00:00:21,2016-01-03 00:32:09,1,5.40,-73.946418762207031,40.789138793945313,1,N,-73.915901184082031,40.851547241210937,2,24.5,0.5,0.5,0,0,0.3,25.8
2,2016-01-03 00:00:22,2016-01-03 00:12:12,1,3.30,-73.975677490234375,40.749099731445313,1,N,-73.973648071289063,40.78369140625,1,12,0.5,0.5,2.66,0,0.3,15.96
2,2016-01-03 00:00:22,2016-01-03 00:13:37,6,2.94,-73.949691772460938,40.784618377685547,1,N,-73.971031188964844,40.751018524169922,2,12,0.5,0.5,0,0,0.3,13.3
2,2016-01-03 00:00:22,2016-01-03 00:13:58,2,5.23,-73.981849670410156,40.716880798339844,1,N,-73.969329833984375,40.769378662109375,2,17.5,0.5,0.5,0,0,0.3,18.8
1,2016-01-03 00:00:26,2016-01-03 00:07:41,1,1.30,-73.96588134765625,40.688564300537109,1,N,-73.962692260742187,40.671928405761719,1,7.5,0.5,0.5,1.75,0,0.3,10.55
1,2016-01-03 00:00:27,2016-01-03 00:17:41,1,4.70,-73.995864868164063,40.767772674560547,1,N,-74.009605407714844,40.709926605224609,1,17,0.5,0.5,2,0,0.3,20.3
2,2016-01-03 00:00:27,2016-01-03 00:08:40,1,.83,-73.978767395019531,40.745105743408203,1,N,-73.992210388183594,40.749309539794922,2,7,0.5,0.5,0,0,0.3,8.3
1,2016-01-03 00:00:28,2016-01-03 00:22:51,1,15.40,-73.97650146484375,40.733562469482422,1,N,-73.854263305664062,40.891788482666016,1,41.5,0.5,0.5,8.55,0,0.3,51.35
2,2016-01-03 00:00:29,2016-01-03 00:08:45,3,1.64,-73.969375610351562,40.785236358642578,1,N,-73.945564270019531,40.777980804443359,1,8.5,0.5,0.5,0,0,0.3,9.8
1,2016-01-03 00:00:30,2016-01-03 00:15:47,1,5.10,-73.990585327148438,40.745880126953125,1,N,-73.969886779785156,40.801265716552734,1,17.5,0.5,0.5,2.82,0,0.3,21.62
2,2016-01-03 00:00:30,2016-01-03 00:18:25,1,1.10,-73.974342346191406,40.756660461425781,1,N,-73.981483459472656,40.753715515136719,2,11.5,0.5,0.5,0,0,0.3,12.8
2,2016-01-03 00:00:30,2016-01-03 00:03:06,1,.35,-73.992347717285156,40.743438720703125,1,N,-73.996421813964844,40.746063232421875,1,4,0.5,0.5,1.59,0,0.3,6.89
1,2016-01-03 00:00:31,2016-01-03 00:03:57,1,1.30,-73.933525085449219,40.802928924560547,1,N,-73.945671081542969,40.785984039306641,2,5.5,0.5,0.5,0,0,0.3,6.8
2,2016-01-03 00:00:32,2016-01-03 00:27:02,5,7.25,-73.972953796386719,40.755718231201172,1,N,-73.978813171386719,40.684551239013672,2,26,0.5,0.5,0,0,0.3,27.3
2,2016-01-03 00:00:32,2016-01-03 00:13:20,5,3.60,-73.9969482421875,40.720500946044922,1,N,-73.958183288574219,40.721790313720703,1,13.5,0.5,0.5,2.96,0,0.3,17.76
2,2016-01-03 00:00:32,2016-01-03 00:09:37,6,.32,-73.993759155273438,40.751621246337891,1,N,-73.990867614746094,40.756088256835937,1,7,0.5,0.5,0,0,0.3,8.3
1,2016-01-03 00:00:34,2016-01-03 00:10:36,1,3.70,-73.978317260742188,40.763179779052734,1,N,-73.921607971191406,40.741374969482422,1,13,0.5,0.5,5.7,0,0.3,20
2,2016-01-03 00:00:36,2016-01-03 00:10:02,1,1.61,-73.963752746582031,40.771160125732422,1,N,-73.975601196289063,40.752738952636719,2,8.5,0.5,0.5,0,0,0.3,9.8
1,2016-01-03 00:00:37,2016-01-03 00:06:01,1,1.20,-73.976020812988281,40.744560241699219,1,N,-73.96649169921875,40.753662109375,1,6.5,0.5,0.5,2.3,0,0.3,10.1
1,2016-01-03 00:00:38,2016-01-03 00:17:25,1,8.80,-73.976791381835938,40.733699798583984,1,N,-73.892143249511719,40.750724792480469,1,26,0.5,0.5,5.45,0,0.3,32.75
2,2016-01-03 00:00:38,2016-01-03 00:34:04,1,14.04,-73.984283447265625,40.748058319091797,1,N,-73.992088317871094,40.609176635742187,2,42,0.5,0.5,0,0,0.3,43.3
1,2016-01-03 00:00:39,2016-01-03 00:08:41,1,2.20,-73.969871520996094,40.768508911132813,1,N,-73.949348449707031,40.787765502929688,2,9,0.5,0.5,0,0,0.3,10.3
1,2016-01-03 00:00:40,2016-01-03 00:14:03,1,4.30,-73.966178894042969,40.762222290039063,1,N,-73.897758483886719,40.743141174316406,2,15.5,0.5,0.5,0,0,0.3,16.8
1,2016-01-03 00:00:40,2016-01-03 00:11:05,2,1.30,-74.004379272460937,40.742252349853516,1,N,-73.984222412109375,40.738197326660156,1,8.5,0.5,0.5,1,0,0.3,10.8
2,2016-01-03 00:00:40,2016-01-03 00:07:33,1,1.03,-73.9913330078125,40.723892211914063,1,N,-73.983688354492187,40.721515655517578,2,6.5,0.5,0.5,0,0,0.3,7.8
2,2016-01-03 00:00:41,2016-01-03 00:00:46,5,.00,0,0,3,N,0,0,2,20,0.5,0,0,0,0.3,20.8
2,2016-01-03 00:00:44,2016-01-03 00:05:15,1,1.10,-73.974159240722656,40.795730590820313,1,N,-73.962516784667969,40.804931640625,1,6,0.5,0.5,1,0,0.3,8.3
2,2016-01-03 00:00:45,2016-01-03 00:09:17,6,1.85,-73.99420166015625,40.726470947265625,1,N,-74.014747619628906,40.716201782226563,2,8.5,0.5,0.5,0,0,0.3,9.8
2,2016-01-03 00:00:47,2016-01-03 00:12:38,1,1.43,-73.989639282226563,40.734397888183594,1,N,-73.978790283203125,40.724113464355469,2,7.5,0.5,0.5,0,0,0.3,8.8
2,2016-01-03 00:00:47,2016-01-03 00:18:25,1,4.93,-74.001480102539063,40.727439880371094,1,N,-73.956451416015625,40.768150329589844,1,17.5,0.5,0.5,3.76,0,0.3,22.56
1,2016-01-03 00:00:48,2016-01-03 00:03:38,1,.80,-73.979156494140625,40.740509033203125,1,N,-73.988525390625,40.734645843505859,1,4.5,0.5,0.5,1.45,0,0.3,7.25
1,2016-01-03 00:00:49,2016-01-03 00:13:15,2,8.70,-73.953926086425781,40.766944885253906,1,N,-73.924461364746094,40.861392974853516,1,25,0.5,0.5,0,0,0.3,26.3
2,2016-01-03 00:00:49,2016-01-03 00:09:01,1,1.22,-73.982139587402344,40.771686553955078,1,N,-73.974456787109375,40.762485504150391,2,7.5,0.5,0.5,0,0,0.3,8.8
2,2016-01-03 00:00:50,2016-01-03 00:19:47,2,11.87,-73.78082275390625,40.645183563232422,1,N,-73.890846252441406,40.743007659912109,1,33,0.5,0.5,8.58,0,0.3,42.88
2,2016-01-03 00:00:50,2016-01-03 00:06:29,6,.72,-73.997398376464844,40.720748901367188,1,N,-73.999183654785156,40.7279052734375,1,5.5,0.5,0.5,1.36,0,0.3,8.16
1,2016-01-03 00:00:52,2016-01-03 00:29:50,2,3.10,-73.984046936035156,40.755279541015625,1,N,-73.995147705078125,40.720634460449219,1,19.5,0.5,0.5,4.15,0,0.3,24.95
1,2016-01-03 00:00:52,2016-01-03 00:08:00,3,1.80,-73.983871459960937,40.742408752441406,1,N,-74.002365112304687,40.726348876953125,2,8,0.5,0.5,0,0,0.3,9.3
2,2016-01-03 00:00:52,2016-01-03 00:11:18,1,2.50,-73.995750427246094,40.744091033935547,1,N,-74.009750366210937,40.712760925292969,2,10.5,0.5,0.5,0,0,0.3,11.8
1,2016-01-03 00:00:53,2016-01-03 00:22:27,1,4.90,-73.985084533691406,40.747165679931641,1,N,-73.958038330078125,40.717491149902344,1,19,0.5,0.5,1.7,0,0.3,22
2,2016-01-03 00:00:54,2016-01-03 00:08:43,1,1.53,-73.971000671386719,40.797641754150391,1,N,-73.953697204589844,40.785129547119141,1,8,0.5,0.5,1.86,0,0.3,11.16
1,2016-01-03 00:00:55,2016-01-03 00:17:14,1,1.10,-73.984153747558594,40.764858245849609,1,N,-73.97802734375,40.762935638427734,2,11,0.5,0.5,0,0,0.3,12.3
2,2016-01-03 00:00:55,2016-01-03 00:28:34,4,15.64,-73.787139892578125,40.644050598144531,1,N,-73.94842529296875,40.730735778808594,2,44,0.5,0.5,0,0,0.3,45.3
1,2016-01-03 00:00:56,2016-01-03 00:17:24,1,5.70,-73.987724304199219,40.750568389892578,1,N,-74.035568237304688,40.713573455810547,1,18,0.5,0.5,8,10.5,0.3,37.8
2,2016-01-03 00:00:57,2016-01-03 00:10:48,6,2.56,-73.979652404785156,40.776119232177734,1,N,-73.964683532714844,40.806755065917969,1,10.5,0.5,0.5,2.36,0,0.3,14.16
2,2016-01-03 00:01:00,2016-01-03 00:18:06,3,15.25,-73.781806945800781,40.644863128662109,1,N,-73.937973022460938,40.726325988769531,1,40.5,0.5,0.5,0,0,0.3,41.8
2,2016-01-03 00:01:01,2016-01-03 00:07:49,5,1.65,-73.965278625488281,40.801040649414063,1,N,-73.947479248046875,40.815170288085937,2,7.5,0.5,0.5,0,0,0.3,8.8
2,2016-01-03 00:01:01,2016-01-03 00:13:08,6,7.85,-73.979629516601563,40.743255615234375,1,N,-73.911872863769531,40.764629364013672,1,22.5,0.5,0.5,5.87,5.54,0.3,35.21
2,2016-01-03 00:01:03,2016-01-03 00:20:29,2,1.28,-73.984420776367188,40.767238616943359,1,N,-73.978599548339844,40.754261016845703,2,11.5,0.5,0.5,0,0,0.3,12.8
2,2016-01-03 00:01:06,2016-01-03 00:26:34,1,3.18,-74.010993957519531,40.708873748779297,1,N,-73.988052368164063,40.749320983886719,2,17,0.5,0.5,0,0,0.3,18.3
2,2016-01-03 00:01:06,2016-01-03 00:04:38,1,.56,-73.980743408203125,40.746910095214844,1,N,-73.990867614746094,40.75115966796875,2,4.5,0.5,0.5,0,0,0.3,5.8
2,2016-01-03 00:01:07,2016-01-03 00:05:04,2,.94,-73.991973876953125,40.726478576660156,1,N,-74.003082275390625,40.722049713134766,2,5,0.5,0.5,0,0,0.3,6.3
1,2016-01-03 00:01:08,2016-01-03 00:19:36,1,3.20,-74.00213623046875,40.760639190673828,1,N,-73.972892761230469,40.743450164794922,1,14.5,0.5,0.5,3.15,0,0.3,18.95
1,2016-01-03 00:01:08,2016-01-03 00:17:13,1,2.70,-73.994972229003906,40.760234832763672,1,N,-74.00152587890625,40.735855102539063,1,13,0.5,0.5,4.25,0,0.3,18.55
1,2016-01-03 00:01:08,2016-01-03 00:23:22,1,5.00,-74.002265930175781,40.730369567871094,1,N,-73.951683044433594,40.77349853515625,1,19.5,0.5,0.5,4.5,0,0.3,25.3
1,2016-01-03 00:01:09,2016-01-03 00:06:37,2,1.60,-73.980827331542969,40.779640197753906,1,N,-73.971412658691406,40.798587799072266,1,6.5,0.5,0.5,1.55,0,0.3,9.35
2,2016-01-03 00:01:09,2016-01-03 00:05:23,1,.58,-73.998077392578125,40.737968444824219,1,N,-74.004127502441406,40.742790222167969,1,5,0.5,0.5,1.26,0,0.3,7.56
1,2016-01-03 00:01:10,2016-01-03 00:36:55,2,6.00,-73.999443054199219,40.729835510253906,1,N,-73.964179992675781,40.803153991699219,1,25.5,0.5,0.5,5.36,0,0.3,32.16
2,2016-01-03 00:01:10,2016-01-03 00:08:00,5,2.51,-73.932708740234375,40.752861022949219,1,N,-73.963615417480469,40.757640838623047,2,9.5,0.5,0.5,0,0,0.3,10.8
2,2016-01-03 00:01:10,2016-01-03 00:24:39,4,1.24,-73.981689453125,40.768390655517578,1,N,-73.979751586914063,40.755538940429688,2,14.5,0.5,0.5,0,0,0.3,15.8
1,2016-01-03 00:01:11,2016-01-03 00:08:06,1,1.50,-74.003486633300781,40.741569519042969,1,N,-74.002357482910156,40.726341247558594,1,7.5,0.5,0.5,2.2,0,0.3,11
1,2016-01-03 00:01:11,2016-01-03 00:07:04,2,1.40,-73.977943420410156,40.783676147460938,1,N,-73.955589294433594,40.773441314697266,1,7,0.5,0.5,2.45,0,0.3,10.75
2,2016-01-03 00:01:11,2016-01-03 00:11:15,1,1.89,-73.992568969726563,40.739616394042969,1,N,-73.995315551757812,40.721817016601563,2,9,0.5,0.5,0,0,0.3,10.3
2,2016-01-03 00:01:12,2016-01-03 00:18:49,1,2.15,-73.977760314941406,40.752281188964844,1,N,-73.956825256347656,40.768070220947266,1,13,0.5,0.5,2.86,0,0.3,17.16
1,2016-01-03 00:01:13,2016-01-03 00:22:09,1,2.50,-73.994255065917969,40.73199462890625,1,N,-73.9786376953125,40.751388549804688,2,14.5,0.5,0.5,0,0,0.3,15.8
2,2016-01-03 00:01:13,2016-01-03 00:09:57,5,1.89,-73.985160827636719,40.744529724121094,1,N,-73.965461730957031,40.762851715087891,1,8.5,0.5,0.5,1,0,0.3,10.8
1,2016-01-03 00:01:14,2016-01-03 00:05:54,1,.60,-73.982292175292969,40.751331329345703,1,N,-73.991340637207031,40.750339508056641,1,5,0.5,0.5,0,0,0.3,6.3
1,2016-01-03 00:01:14,2016-01-03 00:38:19,1,24.00,-73.992301940917969,40.749290466308594,5,N,-74.320327758789063,40.720523834228516,1,140,0,0,30.95,14.5,0.3,185.75
2,2016-01-03 00:01:14,2016-01-03 00:09:01,1,2.34,-73.934318542480469,40.751483917236328,1,N,-73.972511291503906,40.764915466308594,2,9.5,0.5,0.5,0,0,0.3,10.8
2,2016-01-03 00:01:14,2016-01-03 00:31:34,1,13.64,-73.78192138671875,40.644760131835938,1,N,-73.979248046875,40.661869049072266,2,39,0.5,0.5,0,0,0.3,40.3
2,2016-01-03 00:01:15,2016-01-03 00:34:37,5,3.44,-73.95953369140625,40.782745361328125,1,N,-73.993759155273438,40.745582580566406,2,21.5,0.5,0.5,0,0,0.3,22.8
2,2016-01-03 00:01:15,2016-01-03 00:13:15,1,7.04,-73.952644348144531,40.776496887207031,1,N,-74.005638122558594,40.709121704101563,1,20.5,0.5,0.5,5.45,0,0.3,27.25
1,2016-01-03 00:01:16,2016-01-03 00:03:52,1,.20,-73.995613098144531,40.764671325683594,1,N,-73.992149353027344,40.764148712158203,2,3.5,0.5,0.5,0,0,0.3,4.8
1,2016-01-03 00:01:16,2016-01-03 00:13:16,1,.90,-73.977432250976563,40.758316040039063,1,N,-73.983444213867188,40.766860961914062,2,8.5,0.5,0.5,0,0,0.3,9.8
1,2016-01-03 00:01:17,2016-01-03 00:11:08,1,2.00,-73.927742004394531,40.697872161865234,1,N,-73.961212158203125,40.698276519775391,1,9.5,0.5,0.5,2.7,0,0.3,13.5
1,2016-01-03 00:01:19,2016-01-03 00:03:00,1,.30,-73.966590881347656,40.757587432861328,1,N,-73.965774536132813,40.754348754882813,1,3.5,0.5,0.5,1.2,0,0.3,6
1,2016-01-03 00:01:19,2016-01-03 00:15:00,1,1.80,-73.954742431640625,40.765506744384766,1,N,-73.981918334960938,40.766231536865234,1,10.5,0.5,0.5,0,0,0.3,11.8
2,2016-01-03 00:01:19,2016-01-03 00:03:12,2,.37,-73.997695922851562,40.737659454345703,1,N,-73.991241455078125,40.734981536865234,2,3.5,0.5,0.5,0,0,0.3,4.8
1,2016-01-03 00:01:20,2016-01-03 00:07:24,2,1.00,-73.967552185058594,40.756858825683594,1,N,-73.978309631347656,40.748611450195313,1,6,0.5,0.5,1.45,0,0.3,8.75
1,2016-01-03 00:01:20,2016-01-03 00:14:39,1,5.10,-73.964698791503906,40.796798706054688,1,N,-74.002204895019531,40.749237060546875,2,17,0.5,0.5,0,0,0.3,18.3
1,2016-01-03 00:01:20,2016-01-03 00:13:36,1,1.80,-73.970108032226563,40.759799957275391,1,N,-73.989356994628906,40.742988586425781,1,9.5,0.5,0.5,2,0,0.3,12.8
2,2016-01-03 00:01:21,2016-01-03 00:12:57,1,2.25,-74.001899719238281,40.739406585693359,1,N,-73.974868774414063,40.744388580322266,1,10.5,0.5,0.5,2.36,0,0.3,14.16
2,2016-01-03 00:01:21,2016-01-03 00:06:40,1,.87,-73.955223083496094,40.804378509521484,1,N,-73.963699340820313,40.798000335693359,2,5.5,0.5,0.5,0,0,0.3,6.8
2,2016-01-03 00:01:21,2016-01-03 00:27:41,6,8.78,-73.996627807617188,40.724601745605469,1,N,-73.869979858398438,40.755290985107422,2,27,0.5,0.5,0,0,0.3,28.3
1,2016-01-03 00:01:22,2016-01-03 00:10:04,1,1.60,-74.004669189453125,40.715957641601563,1,N,-73.989860534667969,40.734043121337891,2,8,0.5,0.5,0,0,0.3,9.3
2,2016-01-03 00:01:22,2016-01-03 00:09:25,1,1.67,-73.948280334472656,40.782630920410156,1,N,-73.938461303710938,40.792289733886719,1,8,0.5,0.5,1.86,0,0.3,11.16
2,2016-01-03 00:01:23,2016-01-03 00:09:22,1,1.11,-73.998611450195313,40.738170623779297,1,N,-73.994590759277344,40.75054931640625,1,7,0.5,0.5,1.66,0,0.3,9.96
1,2016-01-03 00:01:24,2016-01-03 00:23:19,2,6.50,-73.972267150878906,40.759864807128906,1,N,-73.876602172851562,40.748664855957031,2,22.5,0.5,0.5,0,0,0.3,23.8
1,2016-01-03 00:01:24,2016-01-03 00:09:52,1,1.90,-73.959747314453125,40.801292419433594,1,N,-73.950645446777344,40.822933197021484,2,9,0.5,0.5,0,0,0.3,10.3
2,2016-01-03 00:01:24,2016-01-03 00:21:59,1,2.94,-73.979400634765625,40.739768981933594,1,N,-73.999549865722656,40.742519378662109,1,15,0.5,0.5,0,0,0.3,16.3
2,2016-01-03 00:01:24,2016-01-03 00:05:58,3,1.89,-73.972930908203125,40.752601623535156,1,N,-73.955856323242188,40.776050567626953,1,7.5,0.5,0.5,1,0,0.3,9.8
1,2016-01-03 00:01:26,2016-01-03 00:10:01,2,.80,-73.979644775390625,40.760196685791016,1,N,-73.974853515625,40.753742218017578,2,7,0.5,0.5,0,0,0.3,8.3
1,2016-01-03 00:01:26,2016-01-03 00:19:52,1,5.00,-73.995040893554687,40.760448455810547,1,N,-73.938812255859375,40.799385070800781,2,17.5,0.5,0.5,0,0,0.3,18.8
2,2016-01-03 00:01:26,2016-01-03 00:13:41,1,3.86,-73.976837158203125,40.764591217041016,1,N,-73.9541015625,40.804759979248047,1,13,0.5,0.5,2.86,0,0.3,17.16
2,2016-01-03 00:01:26,2016-01-03 00:12:40,1,2.70,-74.000953674316406,40.730838775634766,1,N,-74.017234802246094,40.704917907714844,2,11,0.5,0.5,0,0,0.3,12.3
1,2016-01-03 00:01:27,2016-01-03 00:35:02,1,3.10,-73.974395751953125,40.763877868652344,1,N,-73.999267578125,40.728160858154297,1,21,0.5,0.5,4.45,0,0.3,26.75
1,2016-01-03 00:01:27,2016-01-03 00:02:33,1,.10,-73.955177307128906,40.773174285888672,1,N,-73.956230163574219,40.772037506103516,3,3,0.5,0.5,0,0,0.3,4.3
2,2016-01-03 00:01:27,2016-01-03 00:14:34,1,1.40,-73.9898681640625,40.7293701171875,1,N,-73.983924865722656,40.745647430419922,1,9,0.5,0.5,3.09,0,0.3,13.39
1,2016-01-03 00:01:29,2016-01-03 00:25:53,1,11.20,-73.969612121582031,40.757713317871094,1,N,-73.902236938476562,40.702812194824219,1,32.5,0.5,0.5,0,0,0.3,33.8
1,2016-01-03 00:01:29,2016-01-03 00:29:40,1,5.60,-74.002418518066406,40.733234405517578,1,N,-73.924583435058594,40.691917419433594,1,22.5,0.5,0.5,4.75,0,0.3,28.55
2,2016-01-03 00:01:29,2016-01-03 00:10:45,1,1.52,-73.971771240234375,40.759838104248047,1,N,-73.987518310546875,40.748722076416016,1,8,0.5,0.5,2.79,0,0.3,12.09
2,2016-01-03 00:01:29,2016-01-03 00:05:08,1,.76,-73.941848754882813,40.829483032226563,1,N,-73.938644409179688,40.839866638183594,2,4.5,0.5,0.5,0,0,0.3,5.8
2,2016-01-03 00:01:29,2016-01-03 00:12:56,5,2.68,-74.010520935058594,40.718410491943359,1,N,-73.991348266601563,40.745208740234375,1,10,0.5,0.5,2,0,0.3,13.3
2,2016-01-03 00:01:32,2016-01-03 00:25:32,1,2.70,-74.007087707519531,40.719131469726562,1,N,-73.987579345703125,40.749889373779297,1,16,0.5,0.5,1.5,0,0.3,18.8
1,2016-01-03 00:01:33,2016-01-03 00:14:43,1,4.30,-73.994468688964844,40.718978881835938,1,N,-73.956626892089844,40.674392700195313,1,15,0.5,0.5,3.25,0,0.3,19.55
2,2016-01-03 00:01:33,2016-01-03 00:13:25,1,6.29,-73.984992980957031,40.773891448974609,1,N,-73.936492919921875,40.847770690917969,2,19.5,0.5,0.5,0,0,0.3,20.8
2,2016-01-03 00:01:33,2016-01-03 00:05:39,1,1.22,-73.862693786621094,40.768730163574219,1,N,-73.875297546386719,40.770359039306641,1,6,0.5,0.5,0,0,0.3,7.3
2,2016-01-03 00:01:33,2016-01-03 00:15:16,5,1.49,-73.998031616210938,40.719669342041016,1,N,-73.983909606933594,40.731800079345703,1,10,0.5,0.5,2.26,0,0.3,13.56
2,2016-01-03 00:01:33,2016-01-03 00:37:20,5,11.55,-73.794479370117187,40.657150268554687,1,N,-73.887382507324219,40.654159545898438,2,36.5,0.5,0.5,0,0,0.3,37.8
1,2016-01-03 00:01:34,2016-01-03 00:15:38,1,2.90,0,0,1,N,0,0,2,12,0.5,0.5,0,0,0.3,13.3
2,2016-01-03 00:01:34,2016-01-03 00:18:12,1,2.67,-74.002845764160156,40.731151580810547,1,N,-73.973526000976563,40.748710632324219,1,12.5,0.5,0.5,1.1,0,0.3,14.9
2,2016-01-03 00:01:34,2016-01-03 00:19:14,1,4.26,-73.978584289550781,40.762580871582031,1,N,-73.963310241699219,40.798713684082031,1,17,0.5,0.5,3.66,0,0.3,21.96
1,2016-01-03 00:01:35,2016-01-03 00:09:13,1,1.30,-73.995773315429688,40.759323120117188,1,N,-73.994873046875,40.750301361083984,2,7.5,0.5,0.5,0,0,0.3,8.8
1,2016-01-03 00:01:35,2016-01-03 00:08:48,1,1.30,-74.005050659179687,40.739955902099609,1,N,-73.989837646484375,40.729434967041016,2,7,0.5,0.5,0,0,0.3,8.3
2,2016-01-03 00:01:35,2016-01-03 00:08:11,3,1.18,-73.998970031738281,40.734600067138672,1,N,-73.983680725097656,40.725776672363281,2,6.5,0.5,0.5,0,0,0.3,7.8
2,2016-01-03 00:01:36,2016-01-03 00:20:36,1,3.55,0,0,1,N,0,0,1,15.5,0.5,0.5,3.36,0,0.3,20.16
2,2016-01-03 00:01:37,2016-01-03 00:26:40,2,4.59,-73.973670959472656,40.784519195556641,1,N,-73.988189697265625,40.731971740722656,2,19,0.5,0.5,0,0,0.3,20.3
2,2016-01-03 00:01:37,2016-01-03 00:25:25,2,1.53,0,0,1,N,0,0,2,15,0.5,0.5,0,0,0.3,16.3
2,2016-01-03 00:01:37,2016-01-03 00:03:31,1,.20,-73.973335266113281,40.764072418212891,1,N,-73.974853515625,40.761734008789063,2,3.5,0.5,0.5,0,0,0.3,4.8
1,2016-01-03 00:01:38,2016-01-03 00:35:31,1,10.10,-73.978492736816406,40.762176513671875,1,N,-73.961082458496094,40.667453765869141,2,33,0.5,0.5,0,0,0.3,34.3
1,2016-01-03 00:01:38,2016-01-03 00:06:22,1,.70,-73.997833251953125,40.744915008544922,1,N,-73.992012023925781,40.738502502441406,1,5.5,0.5,0.5,1.2,0,0.3,8
1,2016-01-03 00:01:38,2016-01-03 00:08:32,1,.90,-73.955589294433594,40.764049530029297,1,N,-73.967979431152344,40.762413024902344,2,6.5,0.5,0.5,0,0,0.3,7.8
1,2016-01-03 00:01:38,2016-01-03 00:45:57,1,7.80,-73.988357543945313,40.720142364501953,1,N,-73.968849182128906,40.790580749511719,1,32.5,0.5,0.5,6.76,0,0.3,40.56
1,2016-01-03 00:01:38,2016-01-03 00:06:34,1,1.20,-73.99267578125,40.720390319824219,1,N,-74.003372192382813,40.708168029785156,1,6,0.5,0.5,1.45,0,0.3,8.75
1,2016-01-03 00:01:39,2016-01-03 00:20:55,2,6.20,-74.014839172363281,40.714607238769531,1,N,-73.987525939941406,40.745502471923828,1,21,0.5,0.5,5.55,0,0.3,27.85
1,2016-01-03 00:01:39,2016-01-03 00:17:04,1,4.00,-73.944168090820313,40.788074493408203,1,N,-73.985527038574219,40.747257232666016,1,14.5,0.5,0.5,1,0,0.3,16.8
1,2016-01-03 00:01:39,2016-01-03 00:12:30,1,3.30,-73.978569030761719,40.729572296142578,1,N,-73.9554443359375,40.768348693847656,2,12.5,0.5,0.5,0,0,0.3,13.8
2,2016-01-03 00:01:39,2016-01-03 00:05:47,1,.71,-73.999031066894531,40.734218597412109,1,N,-73.999221801757812,40.729026794433594,2,5,0.5,0.5,0,0,0.3,6.3
1,2016-01-03 00:01:40,2016-01-03 00:16:59,1,5.70,-73.959922790527344,40.773502349853516,1,N,-73.888465881347656,40.816562652587891,2,18.5,0.5,0.5,0,0,0.3,19.8
1,2016-01-03 00:01:40,2016-01-03 00:24:33,2,3.60,-73.993942260742188,40.7567138671875,1,N,-74.003631591796875,40.751472473144531,2,16,0.5,0.5,0,0,0.3,17.3
1,2016-01-03 00:01:41,2016-01-03 00:07:46,1,.90,-74.002578735351563,40.739639282226562,1,N,-74.002197265625,40.745220184326172,2,6,0.5,0.5,0,0,0.3,7.3
1,2016-01-03 00:01:41,2016-01-03 00:34:07,3,9.60,-73.99676513671875,40.742439270019531,1,N,-73.941566467285156,40.851390838623047,1,32,0.5,0.5,5,0,0.3,38.3
2,2016-01-03 00:01:41,2016-01-03 00:08:17,1,1.33,-73.976448059082031,40.758377075195312,1,N,-73.976432800292969,40.745105743408203,2,7,0.5,0.5,0,0,0.3,8.3
2,2016-01-03 00:01:41,2016-01-03 00:08:50,1,1.18,-74.004280090332031,40.721820831298828,1,N,-73.999076843261719,40.734031677246094,2,6.5,0.5,0.5,0,0,0.3,7.8
1,2016-01-03 00:01:42,2016-01-03 00:16:39,1,6.90,-73.97149658203125,40.756011962890625,1,N,-74.0155029296875,40.7178955078125,1,21.5,0.5,0.5,4.56,0,0.3,27.36
2,2016-01-04 09:18:19,2016-01-04 09:28:56,1,1.78,-73.949546813964844,40.771762847900391,1,N,-73.963699340820313,40.757251739501953,1,9,0,0.5,2.45,0,0.3,12.25
1,2016-01-04 09:18:20,2016-01-04 10:20:27,1,7.50,-73.9739990234375,40.742992401123047,1,N,-73.954803466796875,40.692562103271484,2,41,0,0.5,0,0,0.3,41.8
1,2016-01-04 09:18:20,2016-01-04 09:29:27,1,1.40,-73.987266540527344,40.74432373046875,1,N,-73.979766845703125,40.760555267333984,1,9,0,0.5,1,0,0.3,10.8
1,2016-01-04 09:18:20,2016-01-04 09:21:35,1,.50,-73.942710876464844,40.794361114501953,1,N,-73.935356140136719,40.796188354492187,2,4.5,0,0.5,0,0,0.3,5.3
1,2016-01-04 09:18:20,2016-01-04 09:30:41,1,1.00,-74.008773803710937,40.713890075683594,1,N,-73.99676513671875,40.723995208740234,1,9,0,0.5,1,0,0.3,10.8
1,2016-01-04 09:18:20,2016-01-04 09:23:43,1,.60,-73.997711181640625,40.724002838134766,1,N,-74.005271911621094,40.719131469726562,1,5,0,0.5,1,0,0.3,6.8
1,2016-01-04 09:18:21,2016-01-04 09:39:13,1,2.70,-73.9652099609375,40.791206359863281,1,N,-73.975845336914063,40.760135650634766,1,15,0,0.5,3.15,0,0.3,18.95
1,2016-01-04 09:18:21,2016-01-04 09:33:55,1,2.60,-73.982025146484375,40.772476196289063,1,N,-73.954948425292969,40.783359527587891,2,12.5,0,0.5,0,0,0.3,13.3
1,2016-01-04 09:18:21,2016-01-04 09:27:59,1,1.20,-73.996589660644531,40.742809295654297,1,N,-73.989616394042969,40.757415771484375,2,8,0,0.5,0,0,0.3,8.8
2,2016-01-04 09:18:21,2016-01-04 09:28:16,5,1.23,-74.015983581542969,40.715091705322266,1,N,-74.001075744628906,40.721012115478516,1,8,0,0.5,1.76,0,0.3,10.56
2,2016-01-04 09:18:21,2016-01-04 09:23:18,1,.69,-73.975120544433594,40.75225830078125,1,N,-73.983833312988281,40.747150421142578,2,5,0,0.5,0,0,0.3,5.8
2,2016-01-04 09:18:21,2016-01-04 09:27:30,1,1.61,-73.955718994140625,40.768203735351562,1,N,-73.972061157226562,40.781772613525391,1,8,0,0.5,1.76,0,0.3,10.56
2,2016-01-04 09:18:21,2016-01-04 09:19:57,1,.29,-73.971885681152344,40.781833648681641,1,N,-73.969383239746094,40.785346984863281,1,3.5,0,0.5,1.29,0,0.3,5.59
2,2016-01-04 09:18:21,2016-01-04 09:54:39,1,4.89,-74.005928039550781,40.745220184326172,1,N,-73.964263916015625,40.807376861572266,1,24.5,0,0.5,1.1,0,0.3,26.4
2,2016-01-04 09:18:21,2016-01-04 09:40:52,2,7.33,-73.997886657714844,40.682857513427734,1,N,-73.972236633300781,40.749797821044922,1,23.5,0,0.5,6.08,0,0.3,30.38
1,2016-01-04 09:18:22,2016-01-04 09:25:05,1,.90,-73.996261596679687,40.738037109375,1,N,-73.990272521972656,40.731681823730469,1,6,0,0.5,1,0,0.3,7.8
1,2016-01-04 09:18:22,2016-01-04 09:28:43,1,.80,-73.991203308105469,40.749736785888672,1,N,-73.989494323730469,40.739948272705078,2,7.5,0,0.5,0,0,0.3,8.3
1,2016-01-04 09:18:22,2016-01-04 09:28:10,1,1.20,-73.957862854003906,40.765365600585938,1,N,-73.97076416015625,40.757892608642578,2,8,0,0.5,0,0,0.3,8.8
1,2016-01-04 09:18:22,2016-01-04 09:25:30,1,.90,0,0,1,N,0,0,1,6.5,0,0.5,1.45,0,0.3,8.75
2,2016-01-04 09:18:22,2016-01-04 09:27:28,1,2.60,-74.010635375976563,40.717437744140625,1,N,-74.007949829101563,40.751300811767578,1,10.5,0,0.5,2,0,0.3,13.3
2,2016-01-04 09:18:22,2016-01-04 09:29:24,6,1.10,-73.967247009277344,40.760688781738281,1,N,-73.980751037597656,40.767665863037109,2,8,0,0.5,0,0,0.3,8.8
2,2016-01-04 09:18:22,2016-01-04 09:32:34,1,2.96,-73.977798461914063,40.73419189453125,1,N,-74.001014709472656,40.724208831787109,1,13,0,0.5,2,0,0.3,15.8
2,2016-01-04 09:18:22,2016-01-04 09:35:21,5,1.40,-73.979217529296875,40.784881591796875,1,N,-73.981887817382812,40.765708923339844,1,11.5,0,0.5,2,0,0.3,14.3
1,2016-01-04 09:18:23,2016-01-04 09:33:03,1,1.50,-73.980644226074219,40.782444000244141,1,N,-73.983810424804688,40.761360168457031,1,10.5,0,0.5,2.5,0,0.3,13.8
1,2016-01-04 09:18:23,2016-01-04 09:23:47,1,.60,-73.984260559082031,40.754833221435547,1,N,-73.976951599121094,40.758533477783203,1,5.5,0,0.5,1.25,0,0.3,7.55
1,2016-01-04 09:18:23,2016-01-04 09:32:05,1,1.80,-73.993362426757813,40.746902465820313,1,N,-73.983062744140625,40.765792846679688,1,10.5,0,0.5,2.8,0,0.3,14.1
2,2016-01-04 09:18:23,2016-01-04 09:44:52,1,2.96,-73.962234497070312,40.776077270507812,1,N,-73.98980712890625,40.741180419921875,1,17.5,0,0.5,2,0,0.3,20.3
2,2016-01-04 09:18:23,2016-01-04 09:23:09,5,.89,-73.935699462890625,40.761070251464844,1,N,-73.937744140625,40.753673553466797,1,5.5,0,0.5,1.26,0,0.3,7.56
2,2016-01-04 09:18:23,2016-01-04 09:19:37,6,.27,-73.977333068847656,40.750141143798828,1,N,-73.980461120605469,40.74761962890625,2,3,0,0.5,0,0,0.3,3.8
2,2016-01-04 09:18:23,2016-01-04 09:32:15,2,2.01,-73.961036682128906,40.796726226806641,1,N,-73.953399658203125,40.778480529785156,1,10.5,0,0.5,1.11,0,0.3,12.41
2,2016-01-04 09:18:23,2016-01-04 09:21:34,2,.69,-73.961021423339844,40.76947021484375,1,N,-73.963508605957031,40.77423095703125,1,4.5,0,0.5,0,0,0.3,5.3
2,2016-01-04 09:18:24,2016-01-04 09:22:37,1,.78,-73.988258361816406,40.753810882568359,1,N,-73.985549926757813,40.747093200683594,2,4.5,0,0.5,0,0,0.3,5.3
2,2016-01-04 09:18:24,2016-01-04 09:35:43,1,3.92,-73.996025085449219,40.686729431152344,1,N,-74.015823364257813,40.714469909667969,2,15.5,0,0.5,0,0,0.3,16.3
2,2016-01-04 09:18:24,2016-01-04 09:29:51,1,1.61,-73.990829467773437,40.750526428222656,1,N,-73.989334106445313,40.734081268310547,1,9,0,0.5,1.96,0,0.3,11.76
1,2016-01-04 09:18:25,2016-01-04 09:40:03,1,4.70,-73.989303588867187,40.740478515625,1,N,-74.008377075195312,40.711029052734375,1,19,0,0.5,3.95,0,0.3,23.75
1,2016-01-04 09:18:25,2016-01-04 09:29:35,1,2.50,-73.96990966796875,40.784591674804688,1,N,-73.943504333496094,40.801605224609375,2,10.5,0,0.5,0,0,0.3,11.3
2,2016-01-04 09:18:25,2016-01-04 09:26:04,2,1.07,-73.966850280761719,40.761638641357422,1,N,-73.9534912109375,40.767238616943359,2,6.5,0,0.5,0,0,0.3,7.3
2,2016-01-04 09:18:25,2016-01-04 09:33:39,6,5.41,-73.981109619140625,40.779388427734375,1,N,-73.940017700195313,40.841232299804688,1,18,0,0.5,4.7,0,0.3,23.5
2,2016-01-04 09:18:25,2016-01-04 09:29:08,6,1.48,-73.985450744628906,40.744510650634766,1,N,-73.971122741699219,40.759269714355469,1,8.5,0,0.5,1,0,0.3,10.3
2,2016-01-04 09:18:25,2016-01-04 09:29:06,5,2.06,-73.964942932128906,40.795131683349609,1,N,-73.939460754394531,40.804630279541016,2,9.5,0,0.5,0,0,0.3,10.3
1,2016-01-04 09:18:26,2016-01-04 09:29:41,1,.90,-73.9677734375,40.756008148193359,1,N,-73.979217529296875,40.75299072265625,1,8,0,0.5,1.75,0,0.3,10.55
1,2016-01-04 09:18:26,2016-01-04 09:31:53,1,1.50,-73.992713928222656,40.755222320556641,1,N,-73.991325378417969,40.738807678222656,1,10,0,0.5,1,0,0.3,11.8
1,2016-01-04 09:18:26,2016-01-04 09:28:59,1,1.30,-73.956329345703125,40.771434783935547,1,N,-73.970237731933594,40.759201049804688,2,8.5,0,0.5,0,0,0.3,9.3
2,2016-01-04 09:18:26,2016-01-04 09:25:24,1,.52,-73.968437194824219,40.799446105957031,1,N,-73.966438293457031,40.794395446777344,1,6,0,0.5,1,0,0.3,7.8
2,2016-01-04 09:18:26,2016-01-04 09:36:30,2,2.36,-73.961051940917969,40.760810852050781,1,N,-73.982963562011719,40.748020172119141,1,13.5,0,0.5,2.86,0,0.3,17.16
2,2016-01-04 09:18:26,2016-01-04 09:25:02,1,4.48,-73.971900939941406,40.794780731201172,1,N,-73.938720703125,40.848560333251953,1,13.5,0,0.5,2,0,0.3,16.3
2,2016-01-04 09:18:26,2016-01-04 09:22:00,5,.32,-73.958229064941406,40.778739929199219,1,N,-73.961158752441406,40.774650573730469,1,4,0,0.5,0.96,0,0.3,5.76
1,2016-01-04 09:18:27,2016-01-04 09:49:13,1,8.60,-73.946052551269531,40.792472839355469,1,N,-73.993171691894531,40.719764709472656,1,28,0,0.5,5.75,0,0.3,34.55
1,2016-01-04 09:18:27,2016-01-04 09:27:58,1,1.90,-73.956031799316406,40.781097412109375,1,N,-73.938888549804688,40.804958343505859,1,9,0,0.5,1.96,0,0.3,11.76
1,2016-01-04 09:18:27,2016-01-04 09:32:19,2,1.10,-73.981941223144531,40.752143859863281,1,N,-73.972824096679688,40.758106231689453,1,9.5,0,0.5,2.05,0,0.3,12.35
2,2016-01-04 09:18:27,2016-01-04 09:48:03,5,3.32,-73.953643798828125,40.766620635986328,1,N,-73.993240356445313,40.747291564941406,1,19,0,0.5,1,0,0.3,20.8
2,2016-01-04 09:18:27,2016-01-04 09:27:07,1,.60,-73.99176025390625,40.749248504638672,1,N,-73.989311218261719,40.743812561035156,1,7,0,0.5,1.56,0,0.3,9.36
2,2016-01-04 09:18:27,2016-01-04 09:23:41,1,.81,-73.972549438476562,40.74652099609375,1,N,-73.967903137207031,40.755531311035156,1,5.5,0,0.5,1.58,0,0.3,7.88
2,2016-01-04 09:18:27,2016-01-04 09:27:47,5,.79,-73.989883422851562,40.735252380371094,1,N,-73.981246948242188,40.736366271972656,2,7.5,0,0.5,0,0,0.3,8.3
2,2016-01-04 09:18:27,2016-01-04 09:29:06,1,.51,-73.975479125976562,40.749813079833984,1,N,-73.970085144042969,40.756099700927734,1,7.5,0,0.5,0,0,0.3,8.3
1,2016-01-04 09:18:28,2016-01-04 09:59:42,1,4.60,-73.995574951171875,40.754817962646484,1,N,-73.948745727539063,40.770698547363281,1,26.5,0,0.5,5.45,0,0.3,32.75
1,2016-01-04 09:18:28,2016-01-04 09:18:34,1,.00,-73.949928283691406,40.772037506103516,1,N,-73.949920654296875,40.77203369140625,3,2.5,0,0.5,0,0,0.3,3.3
1,2016-01-04 09:18:28,2016-01-04 09:32:04,1,1.20,-73.984519958496094,40.745746612548828,1,N,-73.972610473632812,40.761558532714844,1,9.5,0,0.5,2.05,0,0.3,12.35
2,2016-01-04 09:18:28,2016-01-04 09:27:01,1,.77,-73.974624633789063,40.751060485839844,1,N,-73.987213134765625,40.75628662109375,1,7,0,0.5,1.56,0,0.3,9.36
2,2016-01-04 09:18:28,2016-01-04 09:32:44,5,1.43,-73.980941772460938,40.744373321533203,1,N,-73.981346130371094,40.759475708007812,1,10.5,0,0.5,2.26,0,0.3,13.56
2,2016-01-04 09:18:28,2016-01-04 09:21:05,2,.34,-73.957260131835937,40.770488739013672,1,N,-73.962860107421875,40.768161773681641,2,3.5,0,0.5,0,0,0.3,4.3
2,2016-01-04 09:18:28,2016-01-04 09:41:42,1,3.49,-74.016151428222656,40.709911346435547,1,N,-73.991561889648438,40.739921569824219,1,17,0,0.5,1,0,0.3,18.8
2,2016-01-04 09:18:28,2016-01-04 09:42:10,1,1.77,-73.990310668945313,40.750938415527344,1,N,-73.970596313476563,40.756080627441406,1,15,0,0.5,3.16,0,0.3,18.96
2,2016-01-04 09:18:28,2016-01-04 09:48:46,1,4.65,-74.005088806152344,40.730998992919922,1,N,-73.961959838867188,40.773281097412109,2,21,0,0.5,0,0,0.3,21.8
1,2016-01-04 09:18:29,2016-01-04 09:42:24,1,3.20,-73.993980407714844,40.751201629638672,1,N,-73.968490600585938,40.790782928466797,1,17,0,0.5,3.55,0,0.3,21.35
1,2016-01-04 09:18:29,2016-01-04 09:27:48,1,1.30,-73.9869384765625,40.73944091796875,1,N,-73.975189208984375,40.755901336669922,2,8,0,0.5,0,0,0.3,8.8
1,2016-01-04 09:18:29,2016-01-04 09:43:48,1,2.00,-73.979873657226562,40.735160827636719,1,N,-73.990791320800781,40.755157470703125,2,15,0,0.5,0,0,0.3,15.8
1,2016-01-04 09:18:29,2016-01-04 09:38:37,1,1.70,-73.99188232421875,40.74993896484375,1,N,-73.976188659667969,40.740779876708984,1,13.5,0,0.5,1.7,0,0.3,16
2,2016-01-04 09:18:29,2016-01-04 09:33:10,1,2.89,-73.996551513671875,40.737300872802734,1,N,-74.01409912109375,40.713920593261719,1,13,0,0.5,2.76,0,0.3,16.56
2,2016-01-04 09:18:29,2016-01-04 09:27:44,1,1.05,-74.008781433105469,40.71905517578125,1,N,-73.998542785644531,40.728591918945313,2,7.5,0,0.5,0,0,0.3,8.3
2,2016-01-04 09:18:29,2016-01-04 09:34:49,1,1.43,-73.9952392578125,40.749820709228516,1,N,-73.977333068847656,40.755458831787109,1,11,0,0.5,2.95,0,0.3,14.75
2,2016-01-04 09:18:29,2016-01-04 09:29:55,1,1.69,-74.000816345214844,40.752349853515625,1,N,-73.990501403808594,40.740100860595703,1,9,0,0.5,1.96,0,0.3,11.76
1,2016-01-04 09:18:30,2016-01-04 09:23:43,1,.90,-74.016860961914062,40.706317901611328,1,N,-74.010536193847656,40.708808898925781,2,5.5,0,0.5,0,0,0.3,6.3
1,2016-01-04 09:18:30,2016-01-04 09:39:57,1,1.60,-73.956573486328125,40.767017364501953,1,N,-73.976974487304688,40.762519836425781,1,14,0,0.5,2.95,0,0.3,17.75
1,2016-01-04 09:18:30,2016-01-04 09:29:58,1,1.20,-73.966964721679688,40.769847869873047,1,N,-73.984306335449219,40.769893646240234,1,8.5,0,0.5,1.5,0,0.3,10.8
2,2016-01-04 09:18:30,2016-01-04 10:03:31,3,19.22,-74.002754211425781,40.728641510009766,2,N,-73.783500671386719,40.643699645996094,1,52,0,0.5,10.56,0,0.3,63.36
1,2016-01-04 09:18:31,2016-01-04 09:37:55,1,2.10,-73.982231140136719,40.765132904052734,1,N,-73.954200744628906,40.767181396484375,2,13,0,0.5,0,0,0.3,13.8
1,2016-01-04 09:18:31,2016-01-04 09:45:17,1,7.00,-74.000205993652344,40.678451538085938,1,N,-73.983047485351563,40.734821319580078,1,25.5,0,0.5,6.35,5.54,0.3,38.19
1,2016-01-04 09:18:31,2016-01-04 09:51:40,1,15.90,-73.983627319335938,40.747642517089844,2,N,-73.78704833984375,40.64691162109375,1,52,0,0.5,11.65,5.54,0.3,69.99
2,2016-01-04 09:18:31,2016-01-04 09:40:50,6,6.82,-73.951728820800781,40.769489288330078,1,N,-73.91217041015625,40.758941650390625,1,23.5,0,0.5,5.97,5.54,0.3,35.81
2,2016-01-04 09:18:31,2016-01-04 09:25:55,1,1.25,-73.955703735351563,40.768482208251953,1,N,-73.959945678710937,40.778812408447266,1,7,0,0.5,1.56,0,0.3,9.36
2,2016-01-04 09:18:31,2016-01-04 09:39:17,1,2.25,-73.988136291503906,40.738006591796875,1,N,-73.982536315917969,40.763240814208984,1,14,0,0.5,2.96,0,0.3,17.76
1,2016-01-04 09:18:32,2016-01-04 09:48:56,1,5.10,-73.993873596191406,40.735260009765625,1,N,-74.014190673828125,40.708358764648437,1,24,0,0.5,4.95,0,0.3,29.75
1,2016-01-04 09:18:32,2016-01-04 09:35:38,1,3.00,-73.986419677734375,40.734626770019531,1,N,-74.01580810546875,40.716037750244141,1,14,0,0.5,3.7,0,0.3,18.5
1,2016-01-04 09:18:32,2016-01-04 09:41:58,1,2.10,-73.955741882324219,40.781909942626953,1,N,-73.962409973144531,40.758342742919922,1,15,0,0.5,3.15,0,0.3,18.95
1,2016-01-04 09:18:32,2016-01-04 09:55:33,1,3.40,-73.95587158203125,40.779304504394531,1,N,-73.989166259765625,40.741359710693359,1,22.5,0,0.5,5.82,0,0.3,29.12
2,2016-01-04 09:18:32,2016-01-04 09:37:50,1,5.17,-73.978904724121094,40.740768432617188,1,N,-74.014930725097656,40.71307373046875,1,19.5,0,0.5,4.06,0,0.3,24.36
1,2016-01-04 09:18:33,2016-01-04 09:20:32,1,.40,-73.999580383300781,40.738510131835938,1,N,-74.002471923828125,40.734035491943359,1,3.5,0,0.5,0.85,0,0.3,5.15
1,2016-01-04 09:18:33,2016-01-04 09:45:32,1,3.30,-73.985786437988281,40.730953216552734,1,N,-73.966621398925781,40.766292572021484,1,18,0,0.5,3.75,0,0.3,22.55
1,2016-01-04 09:18:33,2016-01-04 09:37:02,2,1.50,-73.990219116210938,40.756256103515625,1,N,-73.981460571289063,40.745216369628906,1,12.5,0,0.5,1,0,0.3,14.3
2,2016-01-04 09:18:33,2016-01-04 09:33:36,3,1.57,-73.952651977539063,40.783580780029297,1,N,-73.964553833007813,40.764812469482422,2,10.5,0,0.5,0,0,0.3,11.3
2,2016-01-04 09:18:33,2016-01-04 09:27:32,5,2.11,-73.949569702148438,40.781150817871094,1,N,-73.97589111328125,40.776458740234375,1,9,0,0.5,1.96,0,0.3,11.76
2,2016-01-04 09:18:33,2016-01-04 09:40:10,1,10.76,-73.977134704589844,40.751945495605469,1,N,-73.870529174804688,40.773757934570313,1,31.5,0,0.5,5,5.54,0.3,42.84
2,2016-01-04 09:18:33,2016-01-04 09:43:30,5,3.76,-73.953651428222656,40.766941070556641,1,N,-73.944557189941406,40.808971405029297,1,18,0,0.5,3.76,0,0.3,22.56
1,2016-01-04 09:18:34,2016-01-04 09:36:11,1,3.70,-74.014328002929688,40.709434509277344,1,N,-73.994804382324219,40.750400543212891,1,15,0,0.5,3.15,0,0.3,18.95
1,2016-01-04 09:18:34,2016-01-04 09:31:21,1,.90,-73.992774963378906,40.743000030517578,1,N,-73.977058410644531,40.739044189453125,2,9,0,0.5,0,0,0.3,9.8
1,2016-01-04 09:18:34,2016-01-04 09:27:31,1,1.20,-74.008354187011719,40.736125946044922,1,N,-74.010154724121094,40.719749450683594,1,7.5,0,0.5,1,0,0.3,9.3
1,2016-01-04 09:18:34,2016-01-04 09:34:43,1,.80,-73.9615478515625,40.757785797119141,1,N,-73.972610473632812,40.758903503417969,1,10.5,0,0.5,1.7,0,0.3,13
1,2016-01-04 09:18:34,2016-01-04 09:32:33,1,2.30,-74.008827209472656,40.719169616699219,1,N,-73.99072265625,40.694492340087891,2,11.5,0,0.5,0,0,0.3,12.3
1,2016-01-04 09:18:34,2016-01-04 09:33:12,1,1.50,-73.977371215820313,40.749591827392578,1,N,-73.976058959960937,40.763931274414063,1,10.5,0,0.5,1,0,0.3,12.3
2,2016-01-04 09:18:34,2016-01-04 09:41:45,3,2.64,-73.950904846191406,40.771568298339844,1,N,-73.980796813964844,40.762340545654297,1,15.5,0,0.5,2,0,0.3,18.3
2,2016-01-04 09:18:34,2016-01-04 09:26:19,1,.67,-73.984138488769531,40.768180847167969,1,N,-73.973442077636719,40.764427185058594,1,6.5,0,0.5,1.1,0,0.3,8.4
2,2016-01-04 09:18:34,2016-01-04 09:31:24,1,1.12,-73.990715026855469,40.751117706298828,1,N,-73.972877502441406,40.746421813964844,2,9,0,0.5,0,0,0.3,9.8
2,2016-01-04 09:18:34,2016-01-04 09:22:20,1,.20,-73.989990234375,40.757305145263672,1,N,-73.987525939941406,40.760303497314453,1,4,0,0.5,1.2,0,0.3,6
1,2016-01-04 09:18:35,2016-01-04 09:27:51,1,1.00,-73.961715698242188,40.7642822265625,1,N,-73.9703369140625,40.752101898193359,2,7.5,0,0.5,0,0,0.3,8.3
1,2016-01-04 09:18:35,2016-01-04 09:26:01,1,.50,-74.005203247070313,40.718460083007813,1,N,-74.011337280273437,40.714859008789063,1,6.5,0,0.5,2,0,0.3,9.3
2,2016-01-04 09:18:35,2016-01-04 09:33:11,1,1.98,-73.981391906738281,40.728908538818359,1,N,-73.969383239746094,40.748710632324219,2,12,0,0.5,0,0,0.3,12.8
2,2016-01-04 09:18:35,2016-01-04 09:29:54,1,1.03,-73.982398986816406,40.751369476318359,1,N,-73.996902465820313,40.751399993896484,1,8,0,0.5,2,0,0.3,10.8
2,2016-01-04 09:18:36,2016-01-04 09:33:44,1,1.79,-73.982757568359375,40.77191162109375,1,N,-73.991249084472656,40.749168395996094,2,10.5,0,0.5,0,0,0.3,11.3
2,2016-01-04 09:18:36,2016-01-04 09:33:50,6,1.81,-73.95050048828125,40.779769897460938,1,N,-73.968330383300781,40.761638641357422,1,11,0,0.5,0,0,0.3,11.8
2,2016-01-04 09:18:36,2016-01-04 09:31:00,2,.62,-73.965896606445313,40.759693145751953,1,N,-73.975990295410156,40.763744354248047,1,8.5,0,0.5,1,0,0.3,10.3
2,2016-01-04 09:18:36,2016-01-04 09:32:05,1,1.81,-73.995491027832031,40.717090606689453,1,N,-74.013763427734375,40.714790344238281,1,10.5,0,0.5,2,0,0.3,13.3
1,2016-01-04 09:18:37,2016-01-04 09:28:49,1,.90,-73.995223999023437,40.749744415283203,1,N,-73.9862060546875,40.762218475341797,1,8,0,0.5,1.75,0,0.3,10.55
1,2016-01-04 09:18:37,2016-01-04 09:56:54,1,10.20,-73.872764587402344,40.773754119873047,1,N,-73.973060607910156,40.761772155761719,1,35,0,0.5,8.25,5.54,0.3,49.59
1,2016-01-04 09:18:37,2016-01-04 09:32:20,1,1.70,-74.005584716796875,40.738765716552734,1,N,-73.994392395019531,40.719661712646484,1,10,0,0.5,2.15,0,0.3,12.95
2,2016-01-04 09:18:37,2016-01-04 09:49:44,1,2.72,-73.974586486816406,40.787940979003906,1,N,-73.957023620605469,40.762619018554687,2,19.5,0,0.5,0,0,0.3,20.3
2,2016-01-04 09:18:37,2016-01-04 09:30:41,1,1.30,-73.965118408203125,40.769161224365234,1,N,-73.976882934570313,40.758628845214844,2,9,0,0.5,0,0,0.3,9.8
2,2016-01-04 09:18:37,2016-01-04 09:37:56,1,1.31,-73.956771850585938,40.778068542480469,1,N,-73.961051940917969,40.766338348388672,1,12.5,0,0.5,2.66,0,0.3,15.96
1,2016-01-04 09:18:38,2016-01-04 09:23:06,1,1.00,-74.00994873046875,40.721141815185547,1,N,-74.01556396484375,40.707981109619141,1,5.5,0,0.5,1.25,0,0.3,7.55
1,2016-01-04 09:18:38,2016-01-04 09:27:30,1,.70,-73.974716186523438,40.750328063964844,1,N,-73.967498779296875,40.760543823242188,2,7,0,0.5,0,0,0.3,7.8
1,2016-01-04 09:18:38,2016-01-04 09:26:15,2,.60,-73.979545593261719,40.749332427978516,1,N,-73.986160278320312,40.743412017822266,2,6.5,0,0.5,0,0,0.3,7.3
1,2016-01-04 09:18:38,2016-01-04 09:31:21,3,1.40,-73.954910278320312,40.765735626220703,1,N,-73.971641540527344,40.757614135742187,2,9.5,0,0.5,0,0,0.3,10.3
2,2016-01-04 09:18:38,2016-01-04 09:28:24,1,1.15,-73.987335205078125,40.724716186523438,1,N,-73.976844787597656,40.739166259765625,1,8.5,0,0.5,1,0,0.3,10.3
2,2016-01-04 09:18:38,2016-01-04 09:29:00,1,.85,-73.981361389160156,40.764617919921875,1,N,-73.988563537597656,40.758888244628906,2,7.5,0,0.5,0,0,0.3,8.3
2,2016-01-04 09:18:38,2016-01-04 09:23:59,1,.94,-74.016250610351563,40.714809417724609,1,N,-74.010093688964844,40.720241546630859,2,5.5,0,0.5,0,0,0.3,6.3
1,2016-01-04 09:18:39,2016-01-04 09:36:59,1,1.50,-73.978408813476563,40.748237609863281,1,Y,-73.972946166992188,40.764553070068359,1,12,0,0.5,1.92,0,0.3,14.72
1,2016-01-04 09:18:39,2016-01-04 09:53:16,1,15.20,-73.974411010742188,40.749656677246094,2,N,-73.790817260742188,40.663429260253906,1,52,0,0.5,17.5,5.54,0.3,75.84
1,2016-01-04 09:18:39,2016-01-04 09:22:05,1,.80,-73.9879150390625,40.754638671875,1,N,-73.986289978027344,40.745880126953125,1,4.5,0,0.5,1.05,0,0.3,6.35
2,2016-01-04 09:18:39,2016-01-04 09:21:54,2,.71,-73.987098693847656,40.7711181640625,1,N,-73.979751586914063,40.777801513671875,1,4.5,0,0.5,1.06,0,0.3,6.36
2,2016-01-04 09:18:39,2016-01-04 09:54:47,1,6.31,-74.004600524902344,40.70684814453125,1,N,-73.980201721191406,40.767330169677734,1,27.5,0,0.5,5.66,0,0.3,33.96
2,2016-01-04 09:18:39,2016-01-04 09:59:56,2,6.75,-73.992462158203125,40.714260101318359,5,N,-73.921058654785156,40.66778564453125,2,22,0,0.5,0,0,0.3,22.8
2,2016-01-04 09:18:39,2016-01-04 09:45:00,2,8.82,-73.975692749023438,40.765018463134766,1,N,-73.870613098144531,40.773979187011719,1,29,0,0.5,7.45,0,0.3,37.25
2,2016-01-04 09:18:39,2016-01-04 09:26:14,1,1.02,-73.962226867675781,40.773078918457031,1,N,-73.958076477050781,40.764900207519531,2,6.5,0,0.5,0,0,0.3,7.3
2,2016-01-04 09:18:39,2016-01-04 09:29:13,1,1.16,-73.98260498046875,40.739627838134766,1,N,-73.979484558105469,40.752418518066406,1,8.5,0,0.5,2.32,0,0.3,11.62
2,2016-01-04 09:18:39,2016-01-04 09:46:46,1,6.84,-73.966934204101563,40.804008483886719,1,N,-74.009124755859375,40.725296020507812,1,25,0,0.5,6.45,0,0.3,32.25
1,2016-01-04 09:18:40,2016-01-04 09:25:58,2,1.40,-73.960205078125,40.781391143798828,1,N,-73.97998046875,40.782089233398437,2,7.5,0,0.5,0,0,0.3,8.3
2,2016-01-04 09:18:40,2016-01-04 09:32:14,1,1.08,-73.974533081054687,40.757999420166016,1,N,-73.964210510253906,40.760818481445313,2,9.5,0,0.5,0,0,0.3,10.3
2,2016-01-04 09:18:40,2016-01-04 09:23:17,1,.73,-73.983619689941406,40.765239715576172,1,N,-73.973365783691406,40.76434326171875,1,5,0,0.5,3.3,0,0.3,9.1
1,2016-01-04 09:18:41,2016-01-04 09:20:51,1,.60,-73.987617492675781,40.7545166015625,1,N,-73.983207702636719,40.749412536621094,1,4,0,0.5,0.95,0,0.3,5.75
2,2016-01-04 09:18:41,2016-01-04 09:31:38,1,1.56,-73.95355224609375,40.766941070556641,1,N,-73.968597412109375,40.757488250732422,1,10,0,0.5,1.5,0,0.3,12.3
2,2016-01-04 09:18:41,2016-01-04 09:27:58,1,.98,-73.954139709472656,40.770511627197266,1,N,-73.966781616210938,40.769821166992187,2,7,0,0.5,0,0,0.3,7.8
2,2016-01-04 09:18:41,2016-01-04 09:33:29,4,2.70,-74.000518798828125,40.727180480957031,1,N,-73.975883483886719,40.754173278808594,1,12,0,0.5,2.56,0,0.3,15.36
1,2016-01-04 09:18:42,2016-01-04 09:45:40,2,3.80,-73.979827880859375,40.785671234130859,1,N,-74.002113342285156,40.742916107177734,2,19,0,0.5,0,0,0.3,19.8
2,2016-01-04 09:18:42,2016-01-04 09:41:04,2,2.15,-73.994010925292969,40.750118255615234,1,N,-73.96942138671875,40.762870788574219,1,14.5,0,0.5,3.06,0,0.3,18.36
2,2016-01-04 09:18:42,2016-01-04 09:36:43,1,2.38,-74.002555847167969,40.729007720947266,1,N,-73.978981018066406,40.753105163574219,1,13,0,0.5,3.45,0,0.3,17.25
2,2016-01-04 09:18:42,2016-01-04 09:31:15,1,1.54,-73.998504638671875,40.681678771972656,1,N,-73.988739013671875,40.692901611328125,1,9.5,0,0.5,2.58,0,0.3,12.88
2,2016-01-04 09:18:42,2016-01-04 09:26:23,6,1.05,-73.994400024414063,40.755970001220703,1,N,-73.981254577636719,40.759101867675781,1,6.5,0,0.5,1.46,0,0.3,8.76
2,2016-01-04 09:18:42,2016-01-04 09:33:44,6,1.27,-73.976860046386719,40.755649566650391,1,N,-73.985740661621094,40.767841339111328,1,10.5,0,0.5,2.26,0,0.3,13.56
2,2016-01-04 09:18:42,2016-01-04 09:33:55,1,1.14,-73.981788635253906,40.728397369384766,1,N,-73.993675231933594,40.722503662109375,2,10.5,0,0.5,0,0,0.3,11.3
1,2016-01-04 09:18:43,2016-01-04 09:37:43,1,7.70,-73.9443359375,40.780727386474609,1,N,-74.007133483886719,40.703853607177734,1,23.5,0,0.5,2.5,0,0.3,26.8
1,2016-01-04 09:18:43,2016-01-04 09:22:28,1,.80,-73.993858337402344,40.745693206787109,1,N,-74.004783630371094,40.7447509765625,1,5,0,0.5,1.45,0,0.3,7.25
1,2016-01-04 09:18:43,2016-01-04 09:25:53,1,1.50,-73.957183837890625,40.766124725341797,1,N,-73.9498291015625,40.78460693359375,1,7.5,0,0.5,1,0,0.3,9.3
1,2016-01-04 09:18:44,2016-01-04 09:33:05,2,1.10,-74.006637573242188,40.736415863037109,1,N,-73.989677429199219,40.73443603515625,1,10,0,0.5,2.15,0,0.3,12.95
1,2016-01-04 09:18:44,2016-01-04 09:21:06,1,.50,-73.991584777832031,40.749885559082031,1,N,-73.996780395507813,40.742397308349609,1,4,0,0.5,0.95,0,0.3,5.75
1,2016-01-04 09:18:44,2016-01-04 09:35:31,1,2.30,-73.948959350585937,40.781532287597656,1,N,-73.970718383789063,40.751499176025391,1,12,0,0.5,2.55,0,0.3,15.35
2,2016-01-04 09:18:44,2016-01-04 09:37:53,5,3.56,-73.9761962890625,40.715450286865234,1,N,-73.9761962890625,40.715450286865234,2,14.5,0,0.5,0,0,0.3,15.3
2,2016-01-04 09:18:45,2016-01-04 09:24:11,1,.67,-73.965858459472656,40.762405395507813,1,N,-73.956878662109375,40.762577056884766,1,5.5,0,0.5,1.58,0,0.3,7.88
2,2016-01-04 09:18:45,2016-01-04 09:25:20,1,1.06,-73.967147827148438,40.803680419921875,1,N,-73.97637939453125,40.790481567382813,1,6.5,0,0.5,1,0,0.3,8.3
2,2016-01-04 09:18:45,2016-01-04 09:22:01,1,.68,-73.988311767578125,40.753448486328125,1,N,-73.995018005371094,40.744659423828125,2,4.5,0,0.5,0,0,0.3,5.3
2,2016-01-04 09:18:45,2016-01-04 09:31:04,1,1.82,-73.995803833007812,40.73870849609375,1,N,-73.99835205078125,40.755599975585938,1,10,0,0.5,2.16,0,0.3,12.96
2,2016-01-04 09:18:45,2016-01-04 09:18:47,1,.00,0,0,2,N,0,0,1,52,0,0.5,8,0,0.3,60.8
2,2016-01-04 09:18:45,2016-01-04 09:37:37,3,1.87,-73.960716247558594,40.775104522705078,1,N,-73.978240966796875,40.755210876464844,1,13,0,0.5,2.76,0,0.3,16.56
1,2016-01-04 09:18:46,2016-01-04 09:32:16,1,4.70,-73.977188110351562,40.750118255615234,1,N,-74.007644653320312,40.703525543212891,1,15.5,0,0.5,3.25,0,0.3,19.55
2,2016-01-04 09:18:46,2016-01-04 09:27:10,2,.79,-73.981246948242188,40.779109954833984,1,N,-73.9715576171875,40.782848358154297,1,7,0,0.5,1.56,0,0.3,9.36
2,2016-01-04 09:18:46,2016-01-04 09:20:47,1,.26,-73.978157043457031,40.753303527832031,1,N,-73.98199462890625,40.754936218261719,1,3.5,0,0.5,0,0,0.3,4.3
2,2016-01-04 09:18:46,2016-01-04 09:31:00,1,1.74,-74.013374328613281,40.716682434082031,1,N,-73.995010375976563,40.72564697265625,1,10,0,0.5,2.16,0,0.3,12.96
2,2016-01-04 09:18:46,2016-01-04 09:47:11,1,3.42,-73.993995666503906,40.751155853271484,1,N,-73.953994750976563,40.770530700683594,1,18.5,0,0.5,2,0,0.3,21.3
1,2016-01-04 09:18:47,2016-01-04 09:26:15,1,1.20,-73.991493225097656,40.727180480957031,1,N,-73.985000610351563,40.741851806640625,2,7,0,0.5,0,0,0.3,7.8
1,2016-01-04 09:18:47,2016-01-04 09:26:22,1,.40,-73.981231689453125,40.747089385986328,1,N,-73.984245300292969,40.742805480957031,1,6,0,0.5,0.68,0,0.3,7.48
1,2016-01-04 09:18:47,2016-01-04 09:31:56,1,1.00,-73.953971862792969,40.772991180419922,1,N,-73.965690612792969,40.765430450439453,1,9.5,0,0.5,1.5,0,0.3,11.8
2,2016-01-04 09:18:47,2016-01-04 09:38:15,1,2.17,-73.95794677734375,40.760948181152344,1,N,-73.957733154296875,40.784599304199219,1,13.5,0,0.5,2.86,0,0.3,17.16
1,2016-01-04 09:18:48,2016-01-04 09:20:25,1,.30,-73.974838256835938,40.787921905517578,1,N,-73.970321655273437,40.790763854980469,2,3.5,0,0.5,0,0,0.3,4.3
1,2016-01-04 09:18:48,2016-01-04 09:30:58,1,1.70,-73.989173889160156,40.747989654541016,1,N,-73.96990966796875,40.762306213378906,1,9.5,0,0.5,2,0,0.3,12.3
1,2016-01-04 09:18:48,2016-01-04 09:25:10,1,1.00,-73.952987670898437,40.776741027832031,1,N,-73.9617919921875,40.763637542724609,1,6,0,0.5,1,0,0.3,7.8
1,2016-01-04 09:18:48,2016-01-04 09:32:28,2,1.10,-73.994094848632812,40.751190185546875,1,N,-74.004623413085938,40.741909027099609,1,10,0,0.5,2.7,0,0.3,13.5
1,2016-01-04 09:18:48,2016-01-04 09:33:01,1,1.10,-73.967315673828125,40.757591247558594,1,N,-73.980224609375,40.753055572509766,1,9.5,0,0.5,0.5,0,0.3,10.8
2,2016-01-04 09:18:48,2016-01-04 09:21:13,6,.75,-73.971511840820313,40.787269592285156,1,N,-73.970489501953125,40.793869018554687,2,4,0,0.5,0,0,0.3,4.8
2,2016-01-04 09:18:48,2016-01-04 09:30:20,1,2.83,-73.904159545898437,40.771560668945313,1,N,-73.875068664550781,40.750930786132813,1,11.5,0,0.5,3,0,0.3,15.3
2,2016-01-04 09:18:48,2016-01-04 09:41:47,1,2.47,-73.980461120605469,40.730060577392578,1,N,-73.973419189453125,40.754283905029297,1,16,0,0.5,2,0,0.3,18.8
2,2016-01-04 09:18:48,2016-01-04 09:27:31,1,1.60,-74.016326904296875,40.714778900146484,1,N,-74.001121520996094,40.721111297607422,1,8,0,0.5,1.76,0,0.3,10.56
2,2016-01-04 09:18:48,2016-01-04 09:27:38,2,1.89,-73.986923217773437,40.701061248779297,1,N,-74.002799987792969,40.717830657958984,1,9,0,0.5,1,0,0.3,10.8
1,2016-01-04 09:18:49,2016-01-04 09:42:25,1,2.10,-73.9586181640625,40.777938842773438,1,N,-73.974983215332031,40.752761840820312,1,15.5,0,0.5,2.7,0,0.3,19
1,2016-01-04 09:18:49,2016-01-04 09:46:10,1,3.20,-73.981613159179688,40.746574401855469,1,N,-73.953865051269531,40.779579162597656,1,18,0,0.5,1.2,0,0.3,20
1,2016-01-04 09:18:49,2016-01-04 09:22:03,2,.50,-73.984710693359375,40.754104614257813,1,N,-73.979393005371094,40.761604309082031,2,4.5,0,0.5,0,0,0.3,5.3
1,2016-01-04 09:18:50,2016-01-04 09:41:00,1,2.70,-73.98828125,40.749252319335938,1,N,-73.989463806152344,40.773048400878906,2,15,0,0.5,0,0,0.3,15.8
1,2016-01-04 09:18:50,2016-01-04 09:27:47,1,1.60,-73.980873107910156,40.781730651855469,1,N,-73.967849731445312,40.801921844482422,3,9,0,0.5,0,0,0.3,9.8
1,2016-01-04 09:18:50,2016-01-04 09:27:01,1,.90,-73.976615905761719,40.750751495361328,1,N,-73.974899291992187,40.741756439208984,1,7,0,0.5,1.2,0,0.3,9
1,2016-01-04 09:18:50,2016-01-04 09:30:13,1,2.20,-73.998481750488281,40.725879669189453,1,N,-74.0078125,40.751537322998047,1,10.5,0,0.5,1,0,0.3,12.3
2,2016-01-04 09:18:50,2016-01-04 09:27:17,2,.85,-73.983428955078125,40.765159606933594,1,N,-73.974128723144531,40.762420654296875,2,7,0,0.5,0,0,0.3,7.8
2,2016-01-04 09:18:50,2016-01-04 09:27:13,2,1.27,-73.964302062988281,40.79718017578125,1,N,-73.953514099121094,40.788307189941406,1,7.5,0,0.5,0,0,0.3,8.3
2,2016-01-04 09:18:50,2016-01-04 09:38:24,1,2.36,-73.974288940429688,40.791240692138672,1,N,-73.975753784179688,40.763763427734375,1,13.5,0,0.5,2.14,0,0.3,16.44
2,2016-01-04 09:18:50,2016-01-04 09:43:10,1,3.01,-73.972442626953125,40.795982360839844,1,N,-73.953147888183594,40.769161224365234,2,17,0,0.5,0,0,0.3,17.8
1,2016-01-04 09:18:51,2016-01-04 09:30:37,1,1.40,-73.981521606445313,40.721073150634766,1,N,-74.003227233886719,40.726963043212891,1,9,0,0.5,2,0,0.3,11.8
1,2016-01-04 09:18:51,2016-01-04 09:27:26,1,.90,-73.972023010253906,40.762638092041016,1,N,-73.970649719238281,40.754238128662109,1,7,0,0.5,3,0,0.3,10.8
2,2016-01-04 09:18:51,2016-01-04 09:21:30,1,.32,-73.965286254882813,40.771648406982422,1,N,-73.963470458984375,40.768669128417969,2,3.5,0,0.5,0,0,0.3,4.3
2,2016-01-04 09:18:51,2016-01-04 09:37:13,1,1.85,-73.988349914550781,40.769058227539062,1,N,-73.993202209472656,40.747959136962891,2,12.5,0,0.5,0,0,0.3,13.3
1,2016-01-04 09:18:52,2016-01-04 09:25:36,1,.90,-73.989608764648437,40.748710632324219,1,N,-73.976844787597656,40.748569488525391,1,6.5,0,0.5,1.46,0,0.3,8.76
1,2016-01-04 09:18:52,2016-01-04 09:23:13,1,.80,-73.961441040039063,40.777828216552734,1,N,-73.972427368164062,40.781227111816406,2,5,0,0.5,0,0,0.3,5.8
1,2016-01-04 09:18:52,2016-01-04 09:30:26,1,1.50,-73.99029541015625,40.771915435791016,1,N,-73.988655090332031,40.756664276123047,1,9.5,0,0.5,1,0,0.3,11.3
2,2016-01-04 09:18:52,2016-01-04 09:24:07,2,.71,-73.976966857910156,40.7646484375,1,N,-73.981910705566406,40.772529602050781,2,5.5,0,0.5,0,0,0.3,6.3
2,2016-01-04 09:18:52,2016-01-04 09:35:29,1,1.55,0,0,1,N,0,0,1,11,0,0.5,2.36,0,0.3,14.16
1,2016-01-04 09:18:53,2016-01-04 09:30:08,1,1.80,-73.97509765625,40.78753662109375,1,N,-73.948677062988281,40.786361694335938,1,9.5,0,0.5,1.8,0,0.3,12.1
1,2016-01-04 09:18:53,2016-01-04 09:29:17,1,1.30,-73.991340637207031,40.74981689453125,1,N,-73.978652954101563,40.758892059326172,1,8.5,0,0.5,2.3,0,0.3,11.6
1,2016-01-04 09:18:53,2016-01-04 09:39:56,1,3.80,-73.987060546875,40.722305297851563,1,N,-73.968971252441406,40.759075164794922,1,17.5,0,0.5,2,0,0.3,20.3
2,2016-01-04 09:18:53,2016-01-04 09:24:05,2,.97,-73.994422912597656,40.756656646728516,1,N,-74.005691528320313,40.750835418701172,1,5.5,0,0.5,1.89,0,0.3,8.19
2,2016-01-04 09:18:53,2016-01-04 09:46:09,1,4.35,-73.961456298828125,40.760246276855469,1,N,-73.998786926269531,40.738151550292969,1,21,0,0.5,1,0,0.3,22.8
2,2016-01-04 09:18:53,2016-01-04 09:34:14,1,2.71,-73.960952758789063,40.781089782714844,1,N,-73.960952758789063,40.781089782714844,1,12.5,0,0.5,2.66,0,0.3,15.96
2,2016-01-04 09:18:53,2016-01-04 09:47:19,1,4.90,-73.98223876953125,40.7647705078125,1,N,-74.014122009277344,40.712669372558594,1,21,0,0.5,4.36,0,0.3,26.16
2,2016-01-04 09:18:53,2016-01-04 09:49:58,1,3.23,-73.983383178710938,40.738998413085938,1,N,-73.998420715332031,40.757671356201172,2,16.5,0,0.5,0,0,0.3,17.3
1,2016-01-04 09:18:54,2016-01-04 09:29:45,1,1.00,-73.996879577636719,40.737560272216797,1,N,-73.982742309570313,40.736156463623047,1,8.5,0,0.5,2.75,0,0.3,12.05
1,2016-01-04 09:18:54,2016-01-04 09:41:32,1,7.80,-73.981590270996094,40.73248291015625,1,N,-73.949752807617188,40.812110900878906,1,26,0,0.5,5.35,0,0.3,32.15
2,2016-01-04 09:18:54,2016-01-04 09:28:31,1,1.92,-73.978019714355469,40.763908386230469,1,N,-73.966743469238281,40.770591735839844,2,8,0,0.5,0,0,0.3,8.8
2,2016-01-04 09:18:54,2016-01-04 10:08:47,2,12.93,-74.000770568847656,40.762310028076172,1,N,-73.865028381347656,40.770580291748047,1,46,0,0.5,10.47,5.54,0.3,62.81
1,2016-01-04 09:18:55,2016-01-04 09:29:30,1,.60,-73.996627807617188,40.715206146240234,1,N,-73.992767333984375,40.723545074462891,1,7.5,0,0.5,1,0,0.3,9.3
2,2016-01-04 09:18:55,2016-01-04 09:26:00,5,.68,-73.989852905273438,40.756721496582031,1,N,-73.982696533203125,40.760932922363281,1,6,0,0.5,1.36,0,0.3,8.16
1,2016-01-04 09:18:56,2016-01-04 09:32:38,1,1.40,-73.994964599609375,40.733192443847656,1,N,-73.976837158203125,40.739227294921875,1,9.5,0,0.5,2.05,0,0.3,12.35
1,2016-01-04 09:18:56,2016-01-04 09:38:43,2,1.90,-73.989410400390625,40.772724151611328,1,N,-73.979766845703125,40.75457763671875,1,13.5,0,0.5,2,0,0.3,16.3
2,2016-01-04 09:18:56,2016-01-04 09:20:37,1,.50,-73.957893371582031,40.780517578125,1,N,-73.963485717773438,40.777301788330078,1,3.5,0,0.5,0.86,0,0.3,5.16
2,2016-01-04 09:18:56,2016-01-04 09:41:07,1,3.87,-73.990531921386719,40.756221771240234,1,N,-74.01129150390625,40.715240478515625,2,17.5,0,0.5,0,0,0.3,18.3
2,2016-01-04 09:18:56,2016-01-04 09:27:11,1,1.00,-74.004753112792969,40.717178344726562,1,N,-74.007072448730469,40.729351043701172,2,6.5,0,0.5,0,0,0.3,7.3
1,2016-01-04 09:18:57,2016-01-04 09:29:23,1,.90,-73.965232849121094,40.775123596191406,1,N,-73.966201782226563,40.765018463134766,2,8,0,0.5,0,0,0.3,8.8
1,2016-01-04 09:18:57,2016-01-04 09:23:46,1,1.10,-73.978240966796875,40.773113250732422,1,N,-73.971488952636719,40.786403656005859,1,6,0,0.5,1.7,0,0.3,8.5
1,2016-01-04 09:18:57,2016-01-04 09:31:48,1,1.10,-73.961441040039063,40.759956359863281,1,N,-73.971435546875,40.751991271972656,1,9.5,0,0.5,2.55,0,0.3,12.85
1,2016-01-04 09:18:57,2016-01-04 09:30:24,1,1.20,-73.982315063476563,40.747539520263672,1,N,-73.979393005371094,40.761451721191406,2,9,0,0.5,0,0,0.3,9.8
2,2016-01-04 09:18:57,2016-01-04 09:32:22,1,1.52,-73.960563659667969,40.766029357910156,1,N,-73.974372863769531,40.746711730957031,2,10,0,0.5,0,0,0.3,10.8
2,2016-01-04 09:18:57,2016-01-04 09:24:45,1,1.33,-73.990127563476563,40.719329833984375,1,N,-73.980987548828125,40.733951568603516,2,6.5,0,0.5,0,0,0.3,7.3
2,2016-01-04 09:18:57,2016-01-04 09:41:34,6,2.80,-73.970626831054687,40.788330078125,1,N,-73.977447509765625,40.756729125976563,1,15.5,0,0.5,3.26,0,0.3,19.56
2,2016-01-04 09:18:57,2016-01-04 09:36:37,1,1.46,-73.975837707519531,40.740680694580078,1,N,-73.969192504882813,40.7576904296875,1,12,0,0.5,1,0,0.3,13.8
1,2016-01-04 09:18:58,2016-01-04 09:30:45,1,.70,-73.975028991699219,40.741847991943359,1,N,-73.973541259765625,40.750091552734375,1,8.5,0,0.5,1.85,0,0.3,11.15
2,2016-01-04 09:18:58,2016-01-04 09:37:22,1,2.00,-73.990875244140625,40.734626770019531,1,N,-74.011634826660156,40.714996337890625,1,13,0,0.5,2.76,0,0.3,16.56
2,2016-01-04 09:18:58,2016-01-04 09:32:53,1,.89,-73.98388671875,40.744289398193359,1,N,-73.986618041992188,40.753139495849609,1,9.5,0,0.5,3.09,0,0.3,13.39
2,2016-01-04 09:18:59,2016-01-04 09:45:19,1,2.75,-73.980430603027344,40.782371520996094,1,N,-73.978141784667969,40.753768920898438,1,17,0,0.5,3.56,0,0.3,21.36
2,2016-01-04 09:18:59,2016-01-04 09:29:55,1,.45,-73.965766906738281,40.754417419433594,1,N,-73.968009948730469,40.758823394775391,1,8,0,0.5,1.76,0,0.3,10.56
1,2016-01-04 09:19:00,2016-01-04 09:27:37,1,1.10,-73.95697021484375,40.770603179931641,1,N,-73.969940185546875,40.76275634765625,1,7,0,0.5,1.55,0,0.3,9.35
1,2016-01-04 09:19:00,2016-01-04 09:40:12,1,2.10,-73.95928955078125,40.769149780273437,1,N,-73.979408264160156,40.745418548583984,1,14,0,0.5,2.95,0,0.3,17.75
2,2016-01-04 09:19:00,2016-01-04 09:51:54,6,4.95,-73.945724487304687,40.781906127929688,1,N,-73.990325927734375,40.740230560302734,2,24,0,0.5,0,0,0.3,24.8
2,2016-01-04 09:19:00,2016-01-04 09:22:59,1,.37,-73.999443054199219,40.733737945556641,1,N,-73.998329162597656,40.738037109375,1,4.5,0,0.5,0.5,0,0.3,5.8
2,2016-01-04 09:19:00,2016-01-04 09:25:17,1,.51,-73.985221862792969,40.731868743896484,1,N,-73.993659973144531,40.735126495361328,1,5.5,0,0.5,1.26,0,0.3,7.56
1,2016-01-04 09:19:01,2016-01-04 09:20:41,1,.50,-73.978431701660156,40.772628784179688,1,N,-73.97406005859375,40.778583526611328,1,3.5,0,0.5,0.85,0,0.3,5.15
1,2016-01-04 09:19:01,2016-01-04 09:39:47,1,2.40,-73.950027465820312,40.784507751464844,1,N,-73.973381042480469,40.757556915283203,1,14,0,0.5,2,0,0.3,16.8
1,2016-01-04 09:19:01,2016-01-04 09:30:51,1,1.90,-73.981460571289063,40.764274597167969,1,N,-73.980842590332031,40.745086669921875,1,9.5,0,0.5,1,0,0.3,11.3
1,2016-01-04 09:19:01,2016-01-04 09:30:59,2,1.30,-73.986137390136719,40.762142181396484,1,N,-73.974143981933594,40.750617980957031,2,9,0,0.5,0,0,0.3,9.8
2,2016-01-04 09:19:01,2016-01-04 09:31:34,5,1.83,-73.981002807617187,40.76007080078125,1,N,-73.991912841796875,40.737918853759766,1,9.5,0,0.5,1,0,0.3,11.3
1,2016-01-04 09:19:02,2016-01-04 09:22:07,1,.50,-74.016403198242187,40.714752197265625,1,N,-74.00958251953125,40.718776702880859,1,4,0,0.5,0.95,0,0.3,5.75
1,2016-01-04 09:19:02,2016-01-04 09:47:13,1,2.30,-73.963623046875,40.758693695068359,1,N,-73.991561889648438,40.749916076660156,1,17.5,0,0.5,4.55,0,0.3,22.85
1,2016-01-04 09:19:02,2016-01-04 09:32:20,1,1.70,-73.975265502929688,40.751056671142578,1,N,-73.955780029296875,40.765964508056641,2,10,0,0.5,0,0,0.3,10.8
1,2016-01-04 09:19:02,2016-01-04 09:50:34,1,8.60,-73.870933532714844,40.773757934570313,1,N,-73.982757568359375,40.742805480957031,1,30.5,0,0.5,7.36,5.54,0.3,44.2
2,2016-01-04 09:19:02,2016-01-04 09:22:25,2,.72,-73.96221923828125,40.767578125,1,N,-73.955558776855469,40.776950836181641,2,4.5,0,0.5,0,0,0.3,5.3
2,2016-01-04 09:19:02,2016-01-04 09:26:00,1,.86,-73.972389221191406,40.756881713867188,1,N,-73.983619689941406,40.762191772460937,2,6,0,0.5,0,0,0.3,6.8
2,2016-01-04 09:19:02,2016-01-04 09:19:06,1,.00,-74.005180358886719,40.706001281738281,5,N,-74.005180358886719,40.705986022949219,2,65,0,0.5,0,0,0.3,65.8
2,2016-01-04 09:19:02,2016-01-04 09:36:21,6,1.72,-73.945953369140625,40.775455474853516,1,N,-73.966453552246094,40.764575958251953,1,12,0,0.5,2.56,0,0.3,15.36
2,2016-01-04 09:19:02,2016-01-04 09:39:03,2,2.53,-73.99066162109375,40.756080627441406,1,N,-73.958396911621094,40.764652252197266,2,14,0,0.5,0,0,0.3,14.8
2,2016-01-04 09:19:02,2016-01-04 09:23:48,1,.54,-73.96630859375,40.765422821044922,1,N,-73.970390319824219,40.758312225341797,1,5,0,0.5,1.16,0,0.3,6.96
2,2016-01-04 09:19:02,2016-01-04 09:38:55,1,2.08,-73.953681945800781,40.766696929931641,1,N,-73.981796264648437,40.763141632080078,1,13.5,0,0.5,2.86,0,0.3,17.16
2,2016-01-04 09:19:02,2016-01-04 09:26:20,1,.82,-73.979034423828125,40.750995635986328,1,N,-73.985771179199219,40.740734100341797,2,6.5,0,0.5,0,0,0.3,7.3
2,2016-01-04 09:19:02,2016-01-04 09:37:52,1,2.17,-73.9703369140625,40.783821105957031,1,N,-73.975364685058594,40.761039733886719,2,13.5,0,0.5,0,0,0.3,14.3
1,2016-01-04 09:19:03,2016-01-04 09:22:20,1,.70,-74.008804321289063,40.719463348388672,1,N,-74.007095336914063,40.728633880615234,2,4.5,0,0.5,0,0,0.3,5.3
1,2016-01-04 09:19:03,2016-01-04 09:25:55,1,2.00,-73.872802734375,40.773834228515625,1,N,-73.906646728515625,40.770034790039063,2,8.5,0,0.5,0,0,0.3,9.3
1,2016-01-04 09:19:03,2016-01-04 09:29:44,1,1.60,-73.967666625976562,40.802829742431641,1,N,-73.981246948242188,40.781215667724609,1,9,0,0.5,1.95,0,0.3,11.75
1,2016-01-04 09:19:03,2016-01-04 09:29:34,1,1.70,-74.006233215332031,40.748584747314453,1,N,-74.005035400390625,40.728992462158203,1,9.5,0,0.5,2.05,0,0.3,12.35
2,2016-01-04 09:19:03,2016-01-04 09:35:13,2,4.76,-73.970069885253906,40.752681732177734,1,N,-74.005950927734375,40.706108093261719,2,17,0,0.5,0,0,0.3,17.8
2,2016-01-04 09:19:03,2016-01-04 09:35:13,4,4.18,-73.967460632324219,40.803230285644531,1,N,-74.00396728515625,40.7589111328125,2,15.5,0,0.5,0,0,0.3,16.3